run_id,cis_total,aa_total,rc_coherence
female_pruned_8k,77.88214285714287,51.1,0.9471428571428572
male_pruned_8k_M_PRUNED_8k,39.93214285714286,52.857142857142854,0.8453571428571428
run_sequence_female_C2- F,17.17142857142857,72.02142857142857,0.7275
run_sequence_female_C3- F,31.47142857142857,29.732142857142858,0.9589285714285715
run_sequence_female_C4- F,15.525,59.910714285714285,0.9228571428571428
run_sequence_male_C2-M,10.6,74.51785714285714,0.8914285714285715
run_sequence_male_C3- M,63.13214285714285,61.160714285714285,0.7164285714285715
run_sequence_male_C4- M,12.342857142857143,60.982142857142854,0.9667857142857142
